{
	"format_version": "1.21.6",
	"credit": "Made with Blockbench",
	"elements": [
		{
			"from": [0, -2, -2],
			"to": [2, 4, 4],
			"color": 0,
			"faces": {
				"north": {"uv": [0, 0, 2, 6], "texture": "#missing"},
				"east": {"uv": [0, 0, 6, 6], "texture": "#missing"},
				"south": {"uv": [0, 0, 2, 6], "texture": "#missing"},
				"west": {"uv": [0, 0, 6, 6], "texture": "#missing"},
				"up": {"uv": [0, 0, 2, 6], "texture": "#missing"},
				"down": {"uv": [0, 0, 2, 6], "texture": "#missing"}
			}
		},
		{
			"from": [1, 0, -1],
			"to": [3, 1, 3],
			"rotation": {"angle": 0, "axis": "y", "origin": [1, -1, 2]},
			"color": 5,
			"faces": {
				"north": {"uv": [0, 0, 2, 1], "texture": "#missing"},
				"east": {"uv": [0, 0, 4, 1], "texture": "#missing"},
				"south": {"uv": [0, 0, 2, 1], "texture": "#missing"},
				"west": {"uv": [0, 0, 4, 1], "texture": "#missing"},
				"up": {"uv": [0, 0, 2, 4], "texture": "#missing"},
				"down": {"uv": [0, 0, 2, 4], "texture": "#missing"}
			}
		},
		{
			"from": [1, 2, 2],
			"to": [3, 3, 3],
			"rotation": {"angle": 0, "axis": "y", "origin": [1, 1, 2]},
			"color": 5,
			"faces": {
				"north": {"uv": [0, 0, 2, 1], "texture": "#missing"},
				"east": {"uv": [0, 0, 1, 1], "texture": "#missing"},
				"south": {"uv": [0, 0, 2, 1], "texture": "#missing"},
				"west": {"uv": [0, 0, 1, 1], "texture": "#missing"},
				"up": {"uv": [0, 0, 2, 1], "texture": "#missing"},
				"down": {"uv": [0, 0, 2, 1], "texture": "#missing"}
			}
		},
		{
			"from": [1, 2, -1],
			"to": [3, 3, 0],
			"rotation": {"angle": 0, "axis": "y", "origin": [1, 1, -1]},
			"color": 5,
			"faces": {
				"north": {"uv": [0, 0, 2, 1], "texture": "#missing"},
				"east": {"uv": [0, 0, 1, 1], "texture": "#missing"},
				"south": {"uv": [0, 0, 2, 1], "texture": "#missing"},
				"west": {"uv": [0, 0, 1, 1], "texture": "#missing"},
				"up": {"uv": [0, 0, 2, 1], "texture": "#missing"},
				"down": {"uv": [0, 0, 2, 1], "texture": "#missing"}
			}
		}
	]
}